{
    "Multi_All_Post_ARIMAX": 7.389131631641938,
    "Multi_All_Post_SARIMAX": 7.584910695964753,
    "Multi_All_Post_GB": 9.086349709280165,
    "Multi_All_Post_RNN": 6.729630148718865,
    "Multi_All_Post_LSTM": 8.930791912920204,
    "Multi_All_Pre_ARIMAX": 2.911387595239935,
    "Multi_All_Pre_SARIMAX": 3.044747611784285,
    "Multi_All_Pre_GB": 2.641139702373619,
    "Multi_All_Pre_RNN": 3.8075649917759637,
    "Multi_All_Pre_LSTM": 2.8032115956087766,
    "Multi_Single_Pre_ARIMAX": 2.911387595239935,
    "Multi_Single_Pre_SARIMAX": 3.044747611784285,
    "Multi_Single_Pre_RNN": 3.5683186453720594,
    "Multi_Single_Pre_LSTM": 3.416389944992235,
    "Multi_Single_Pre_GB": 7.476648993668356,
    "Multi_Single_Post_ARIMAX": 7.389131631641938,
    "Multi_Single_Post_SARIMAX": 7.584910695964753,
    "Multi_Single_Post_GB": 7.555428430186767,
    "Multi_Single_Post_RNN": 9.525931421178646,
    "Multi_Single_Post_LSTM": 7.050474561953416,
    "One_All_Post_ARIMAX": 3.924223979590787,
    "One_All_Post_RNN": 4.499385285257393,
    "One_All_Post_LSTM": 4.548138377202492,
    "One_All_Pre_RNN": 3.954386937188609,
    "One_All_Pre_LSTM": 3.9460351773086098,
    "One_All_Pre_ARIMAX": 1.1239757809533526,
    "One_Single_Post_RNN": 4.512754863624334,
    "One_Single_Post_LSTM": 4.576502964384517,
    "One_Single_Pre_RNN": 3.860208583499797,
    "One_Single_Pre_LSTM": 3.8680053438554194,
    "One_All_Pre_SARIMAX": 0.9469549498955643,
    "One_Single_Post_ARIMAX": 3.924223979590787,
    "One_Single_Pre_ARIMAX": 1.1239757809533526,
    "One_Single_Pre_SARIMAX": 0.9469549498955643,
    "One_All_Post_SARIMAX": 3.3956642245185193,
    "Multi_Single_Post_LLMMistralZero": 12.247625833070291,
    "Multi_Single_Pre_LLMMistralZero": 6.192350055310728,
    "One_Single_Post_SARIMAX": 3.3956642245185193,
    "One_Single_Post_GB": 4.885032827276158,
    "One_All_Pre_GB": 4.6307367939805095,
    "One_All_Post_GB": 5.093211143277979,
    "One_Single_Pre_GB": 4.236679697001787,
    "Multi_UniVar_Pre_ARIMAX": 2.911387595239935,
    "Multi_UniVar_Pre_SARIMAX": 3.044747611784285
}