{
    "Multi_All_Post_ARIMAX": 7.389131631641938,
    "Multi_All_Post_SARIMAX": 7.584910695964753,
    "Multi_All_Post_GB": 12.059263834231714,
    "Multi_All_Post_RNN": 9.453056544724792,
    "Multi_All_Post_LSTM": 11.72093301944792,
    "Multi_All_Pre_ARIMAX": 2.911387595239935,
    "Multi_All_Pre_SARIMAX": 3.044747611784285,
    "Multi_All_Pre_GB": 4.76521795397356,
    "Multi_All_Pre_RNN": 2.046081352626213,
    "Multi_All_Pre_LSTM": 1.808366382383738,
    "Multi_Single_Pre_ARIMAX": 2.911387595239935,
    "Multi_Single_Pre_SARIMAX": 3.044747611784285,
    "Multi_Single_Pre_RNN": 6.20916613913412,
    "Multi_Single_Pre_LSTM": 6.196481885054743,
    "Multi_Single_Pre_GB": 10.248011844897132,
    "Multi_Single_Post_ARIMAX": 7.389131631641938,
    "Multi_Single_Post_SARIMAX": 7.584910695964753,
    "Multi_Single_Post_GB": 9.482353840911411,
    "Multi_Single_Post_RNN": 12.089667133619761,
    "Multi_Single_Post_LSTM": 9.653811733905892,
    "One_All_Post_ARIMAX": 3.924223979590787,
    "One_All_Post_RNN": 4.499385285257393,
    "One_All_Post_LSTM": 4.548138377202492,
    "One_All_Pre_RNN": 3.954386937188609,
    "One_All_Pre_LSTM": 3.9460351773086098,
    "One_All_Pre_ARIMAX": 1.1239757809533526,
    "One_Single_Post_RNN": 4.512754863624334,
    "One_Single_Post_LSTM": 4.576502964384517,
    "One_Single_Pre_RNN": 3.860208583499797,
    "One_Single_Pre_LSTM": 3.8680053438554194,
    "One_All_Pre_SARIMAX": 0.9469549498955643,
    "One_Single_Post_ARIMAX": 3.924223979590787,
    "One_Single_Pre_ARIMAX": 1.1239757809533526,
    "One_Single_Pre_SARIMAX": 0.9469549498955643,
    "One_All_Post_SARIMAX": 3.3956642245185193,
    "Multi_Single_Post_LLMMistralZero": 12.247625833070291,
    "Multi_Single_Pre_LLMMistralZero": 6.192350055310728,
    "One_Single_Post_SARIMAX": 3.3956642245185193,
    "One_Single_Post_GB": 4.885032827276158,
    "One_All_Pre_GB": 4.6307367939805095,
    "One_All_Post_GB": 5.093211143277979,
    "One_Single_Pre_GB": 4.236679697001787,
    "Multi_UniVar_Pre_ARIMAX": 2.911387595239935,
    "Multi_UniVar_Pre_SARIMAX": 3.044747611784285
}