{
    "Multi_All_Post_ARIMAX": 61.80483239377497,
    "Multi_All_Post_SARIMAX": 63.24256685222354,
    "Multi_All_Post_GB": 92.67307886126373,
    "Multi_All_Post_RNN": 74.9061200744811,
    "Multi_All_Post_LSTM": 93.83513796669783,
    "Multi_All_Pre_ARIMAX": 18.46791695442273,
    "Multi_All_Pre_SARIMAX": 18.851486485461884,
    "Multi_All_Pre_GB": 31.529688046258077,
    "Multi_All_Pre_RNN": 14.09256636950005,
    "Multi_All_Pre_LSTM": 11.547344187807893,
    "Multi_Single_Pre_ARIMAX": 18.46791695442273,
    "Multi_Single_Pre_SARIMAX": 18.851486485461884,
    "Multi_Single_Pre_RNN": 37.869807126380174,
    "Multi_Single_Pre_LSTM": 36.693904241742146,
    "Multi_Single_Pre_GB": 60.804965556827085,
    "Multi_Single_Post_ARIMAX": 61.80483239377497,
    "Multi_Single_Post_SARIMAX": 63.24256685222354,
    "Multi_Single_Post_GB": 76.16775411168067,
    "Multi_Single_Post_RNN": 98.896368221823,
    "Multi_Single_Post_LSTM": 78.08721893170784,
    "One_All_Post_ARIMAX": 29.992965586795282,
    "One_All_Post_RNN": 34.266198543350534,
    "One_All_Post_LSTM": 34.64869265243846,
    "One_All_Pre_RNN": 22.434763629493524,
    "One_All_Pre_LSTM": 22.387601508272056,
    "One_All_Pre_ARIMAX": 7.180574215312726,
    "One_Single_Post_RNN": 35.13022476150595,
    "One_Single_Post_LSTM": 35.13720596829878,
    "One_Single_Pre_RNN": 23.478758671660454,
    "One_Single_Pre_LSTM": 22.501526199331558,
    "One_All_Pre_SARIMAX": 5.975218942369339,
    "One_Single_Post_ARIMAX": 29.992965586795282,
    "One_Single_Pre_ARIMAX": 7.180574215312726,
    "One_Single_Pre_SARIMAX": 5.975218942369339,
    "One_All_Post_SARIMAX": 25.850795469356882,
    "Multi_Single_Post_LLMMistralZero": 110.29083144123993,
    "Multi_Single_Pre_LLMMistralZero": 38.023841205222816,
    "One_Single_Post_SARIMAX": 25.850795469356882,
    "One_Single_Post_GB": 35.38238077636112,
    "One_All_Pre_GB": 26.672546768676128,
    "One_All_Post_GB": 38.67640724620957,
    "One_Single_Pre_GB": 25.757814970894565,
    "Multi_UniVar_Pre_ARIMAX": 18.46791695442273,
    "Multi_UniVar_Pre_SARIMAX": 18.851486485461884
}