{
    "Multi_All_Post_ARIMAX": 61.80483239377497,
    "Multi_All_Post_SARIMAX": 63.24256685222354,
    "Multi_All_Post_GB": 70.51688147135131,
    "Multi_All_Post_RNN": 53.86828779640115,
    "Multi_All_Post_LSTM": 73.26527702168684,
    "Multi_All_Pre_ARIMAX": 18.46791695442273,
    "Multi_All_Pre_SARIMAX": 18.851486485461884,
    "Multi_All_Pre_GB": 19.712809530020937,
    "Multi_All_Pre_RNN": 24.85818462962342,
    "Multi_All_Pre_LSTM": 19.090113184129137,
    "Multi_Single_Pre_ARIMAX": 18.46791695442273,
    "Multi_Single_Pre_SARIMAX": 18.851486485461884,
    "Multi_Single_Pre_RNN": 23.663291613013904,
    "Multi_Single_Pre_LSTM": 21.874994720537806,
    "Multi_Single_Pre_GB": 45.76765135875463,
    "Multi_Single_Post_ARIMAX": 61.80483239377497,
    "Multi_Single_Post_SARIMAX": 63.24256685222354,
    "Multi_Single_Post_GB": 57.538980503016475,
    "Multi_Single_Post_RNN": 78.0637048531131,
    "Multi_Single_Post_LSTM": 57.853307679745456,
    "One_All_Post_ARIMAX": 29.992965586795282,
    "One_All_Post_RNN": 34.266198543350534,
    "One_All_Post_LSTM": 34.64869265243846,
    "One_All_Pre_RNN": 22.434763629493524,
    "One_All_Pre_LSTM": 22.387601508272056,
    "One_All_Pre_ARIMAX": 7.180574215312726,
    "One_Single_Post_RNN": 35.13022476150595,
    "One_Single_Post_LSTM": 35.13720596829878,
    "One_Single_Pre_RNN": 23.478758671660454,
    "One_Single_Pre_LSTM": 22.501526199331558,
    "One_All_Pre_SARIMAX": 5.975218942369339,
    "One_Single_Post_ARIMAX": 29.992965586795282,
    "One_Single_Pre_ARIMAX": 7.180574215312726,
    "One_Single_Pre_SARIMAX": 5.975218942369339,
    "One_All_Post_SARIMAX": 25.850795469356882,
    "Multi_UniVar_Post_MistralZeroShot": 35.53802189205246,
    "Multi_UniVar_Pre_MistralZeroShot": 20.79667942244627,
    "One_Single_Post_SARIMAX": 25.850795469356882,
    "One_Single_Post_GB": 35.38238077636112,
    "One_All_Pre_GB": 26.672546768676128,
    "One_All_Post_GB": 38.67640724620957,
    "One_Single_Pre_GB": 25.757814970894565,
    "Multi_UniVar_Pre_ARIMAX": 18.46791695442273,
    "Multi_UniVar_Pre_SARIMAX": 18.851486485461884,
    "Multi_UniVar_Pre_LSTM": 12.186714421592006,
    "Multi_UniVar_Pre_GB": 12.216824294139546,
    "Multi_UniVar_Pre_RNN": 21.90447928756977,
    "Multi_UniVar_Post_ARIMAX": 61.80483239377497,
    "Multi_UniVar_Post_SARIMAX": 63.24256685222354,
    "Multi_UniVar_Post_LSTM": 53.59559424754418,
    "Multi_UniVar_Post_RNN": 57.69105252242732,
    "Multi_UniVar_Post_GB": 39.02733582981847,
    "One_UniVar_Pre_ARIMAX": 7.180574215312726,
    "One_UniVar_Pre_SARIMAX": 5.975218942369339,
    "One_UniVar_Post_ARIMAX": 29.992965586795282,
    "One_UniVar_Post_SARIMAX": 25.850795469356882,
    "One_UniVar_Pre_RNN": 22.24458250704199,
    "One_UniVar_Pre_LSTM": 22.524472137647955,
    "One_UniVar_Post_RNN": 34.57688902827345,
    "One_UniVar_Post_LSTM": 35.05483156990008,
    "One_UniVar_Post_GB": 35.67641753395857,
    "One_UniVar_Pre_GB": 22.97910207248272,
    "Multi_Single_Post_MistralFewShot": 123.46338526057028,
    "Multi_Single_Pre_MistralFewShot": 43.783951112251174,
    "Multi_All_Pre_MistralFewShot": 18.618908399796148,
    "Multi_All_Post_MistralFewShot": 93.48583448844,
    "One_UniVar_Pre_MistralFewShot": 69.85791830565809,
    "One_UniVar_Post_MistralFewShot": 122.98363204101592,
    "One_Single_Pre_MistralFewShot": 72.72127853241368,
    "One_Single_Post_MistralFewShot": 146.57913834290284,
    "One_All_Post_MistralFewShot": 154.0867676018937,
    "One_All_Pre_MistralFewShot": 24.19436388397099
}